{
  "Cercospora leaf spot": 0.9999862942353555,
  "Insect": 0.9999817256471405,
  "anthracnose": 1.0,
  "healthy": 0.9999543141178513,
  "leaf crinckle": 0.999963451294281,
  "powdery mildew": 1.0,
  "yellow mosaic": 0.9999862942353553
}