{
  "Cercospora leaf spot": 0.9994517694142155,
  "Insect": 0.9995340040020834,
  "anthracnose": 1.0,
  "healthy": 0.9999588827060661,
  "leaf crinckle": 0.9998675109417687,
  "powdery mildew": 0.9998538051771241,
  "yellow mosaic": 0.9998857852946283
}