{"train_losses": [0.5102005737252755, 0.2707207101581637, 0.18054505900138676], "train_accs": [0.8192174343734522, 0.908865775136206, 0.9385834571570084], "val_losses": [0.12542535102607766, 0.1583786181273514, 0.06689523486302813], "val_accs": [0.9574074074074074, 0.9425925925925925, 0.9777777777777777], "config": {"data_path": "dataset", "model_type": "resnet50", "batch_size": 8, "lr": 0.0001, "epochs": 3, "patience": 2, "output_dir": "outputs", "seed": 42, "num_workers": 0, "force_cpu": false, "weight_decay": 0.0001, "save_every_n_epochs": 5}}